{"cameraMode":{"drawMode":0,"name":"Shaded","section":"Shading Mode"},"sceneLighting":false,"audioPlay":false,"sceneViewState":{"m_AlwaysRefresh":true,"showFog":true,"showSkybox":true,"showFlares":true,"showImageEffects":true,"showParticleSystems":true,"showVisualEffectGraphs":true,"m_FxEnabled":true},"in2DMode":false,"pivot":{"x":-24.927703857421876,"y":1.292039155960083,"z":15.464604377746582},"rotation":{"x":0.025649184361100198,"y":0.6754970550537109,"z":-0.023525100201368333,"w":0.7365565896034241},"size":0.27943170070648196,"orthographic":false}