{"cameraMode":{"drawMode":0,"name":"Shaded","section":"Shading Mode"},"sceneLighting":false,"audioPlay":false,"sceneViewState":{"m_AlwaysRefresh":true,"showFog":true,"showSkybox":true,"showFlares":true,"showImageEffects":true,"showParticleSystems":true,"showVisualEffectGraphs":true,"m_FxEnabled":true},"in2DMode":false,"pivot":{"x":-25.122581481933595,"y":1.1863657236099244,"z":15.81827449798584},"rotation":{"x":0.12181337177753449,"y":0.3545362949371338,"z":-0.04664676636457443,"w":0.9259119629859924},"size":0.27943170070648196,"orthographic":false}