{"cameraMode":{"drawMode":0,"name":"Shaded","section":"Shading Mode"},"sceneLighting":false,"audioPlay":false,"sceneViewState":{"m_AlwaysRefresh":true,"showFog":true,"showSkybox":true,"showFlares":true,"showImageEffects":true,"showParticleSystems":true,"showVisualEffectGraphs":true,"m_FxEnabled":true},"in2DMode":false,"pivot":{"x":-25.177974700927736,"y":1.246551275253296,"z":14.84316635131836},"rotation":{"x":0.026062551885843278,"y":-0.6827366948127747,"z":-0.024371765553951265,"w":-0.729803204536438},"size":2.2551043033599855,"orthographic":false}